gender,NationalITy,PlaceofBirth,StageID,GradeID,SectionID,Topic,Semester,Relation,raisedhands,VisITedResources,AnnouncementsView,Discussion,ParentAnsweringSurvey,ParentschoolSatisfaction,StudentAbsenceDays,Class,Student number
M,KW,KuwaIT,lowerlevel,G-04,A,IT,F,one,15,16,2,20,Yes,Good,Under-7,M,1
M,KW,KuwaIT,lowerlevel,G-04,A,IT,F,one,20,20,3,25,Yes,Good,Under-7,M,2
M,KW,KuwaIT,lowerlevel,G-04,A,IT,F,one,10,7,0,30,No,Bad,Above-7,L,3
M,KW,KuwaIT,lowerlevel,G-04,A,IT,F,one,30,25,5,35,No,Bad,Above-7,L,4
M,KW,KuwaIT,lowerlevel,G-04,A,IT,F,one,40,50,12,50,No,Bad,Above-7,M,5
F,KW,KuwaIT,lowerlevel,G-04,A,IT,F,one,42,30,13,70,Yes,Bad,Above-7,M,6
M,KW,KuwaIT,MiddleSchool,G-07,A,Math,F,one,35,12,0,17,No,Bad,Above-7,L,7
M,KW,KuwaIT,MiddleSchool,G-07,A,Math,F,one,50,10,15,22,Yes,Good,Under-7,M,8
F,KW,KuwaIT,MiddleSchool,G-07,A,Math,F,one,12,21,16,50,Yes,Good,Under-7,M,9
F,KW,KuwaIT,MiddleSchool,G-07,B,IT,F,one,70,80,25,70,Yes,Good,Under-7,M,10
M,KW,KuwaIT,MiddleSchool,G-07,A,Math,F,one,50,88,30,80,Yes,Good,Under-7,H,11
M,KW,KuwaIT,MiddleSchool,G-07,B,Math,F,one,19,6,19,12,Yes,Good,Under-7,M,12
M,KW,KuwaIT,lowerlevel,G-04,A,IT,F,one,5,1,0,11,No,Bad,Above-7,L,13
M,lebanon,lebanon,MiddleSchool,G-08,A,Math,F,one,20,14,12,19,No,Bad,Above-7,L,14
F,KW,KuwaIT,MiddleSchool,G-08,A,Math,F,both,62,70,44,60,No,Bad,Above-7,H,15
F,KW,KuwaIT,MiddleSchool,G-06,A,IT,F,one,30,40,22,66,Yes,Good,Under-7,M,16
M,KW,KuwaIT,MiddleSchool,G-07,B,IT,F,one,36,30,20,80,No,Bad,Above-7,M,17
M,KW,KuwaIT,MiddleSchool,G-07,A,Math,F,one,55,13,35,90,No,Bad,Above-7,M,18
F,KW,KuwaIT,MiddleSchool,G-07,A,IT,F,both,69,15,36,96,Yes,Good,Under-7,M,19
M,KW,KuwaIT,MiddleSchool,G-07,B,IT,F,both,70,50,40,99,Yes,Good,Under-7,H,20
F,KW,KuwaIT,MiddleSchool,G-07,A,IT,F,one,60,60,33,90,No,Bad,Above-7,M,21
F,KW,KuwaIT,MiddleSchool,G-07,B,IT,F,one,10,12,4,80,No,Bad,Under-7,M,22
M,KW,KuwaIT,MiddleSchool,G-07,A,IT,F,one,15,21,2,90,No,Bad,Under-7,M,23
M,KW,KuwaIT,MiddleSchool,G-07,A,IT,F,one,2,0,2,50,No,Bad,Above-7,L,24
M,KW,KuwaIT,MiddleSchool,G-07,B,IT,F,one,0,2,3,70,Yes,Good,Above-7,L,25
M,KW,KuwaIT,MiddleSchool,G-07,A,IT,F,one,8,7,30,40,Yes,Good,Above-7,L,26
M,KW,KuwaIT,MiddleSchool,G-07,B,IT,F,one,19,19,25,40,Yes,Bad,Under-7,M,27
M,KW,KuwaIT,MiddleSchool,G-08,A,Arabic,F,one,25,15,12,33,No,Bad,Above-7,L,28
M,KW,KuwaIT,MiddleSchool,G-08,A,Science,F,one,75,85,52,43,Yes,Good,Under-7,M,29
F,KW,KuwaIT,MiddleSchool,G-08,A,Arabic,F,one,30,90,33,35,No,Bad,Under-7,M,30
F,KW,KuwaIT,MiddleSchool,G-08,A,Arabic,F,one,35,80,50,70,Yes,Good,Under-7,H,31
M,KW,KuwaIT,MiddleSchool,G-07,A,IT,F,one,4,5,40,16,Yes,Good,Above-7,L,32
F,KW,KuwaIT,lowerlevel,G-07,A,IT,F,one,2,19,10,50,Yes,Good,Above-7,L,33
M,KW,KuwaIT,lowerlevel,G-05,A,English,F,one,8,22,9,40,No,Bad,Above-7,L,34
M,KW,KuwaIT,MiddleSchool,G-07,B,Science,F,one,12,11,8,40,No,Bad,Above-7,L,35
M,KW,KuwaIT,MiddleSchool,G-07,A,English,F,one,10,12,17,30,No,Bad,Above-7,L,36
M,KW,KuwaIT,MiddleSchool,G-07,B,Science,F,both,8,6,4,22,Yes,Good,Above-7,L,37
F,Egypt,Egypt,MiddleSchool,G-07,A,IT,F,one,45,54,26,90,Yes,Good,Under-7,M,38
M,KW,KuwaIT,MiddleSchool,G-06,A,IT,F,one,0,0,0,4,No,Bad,Above-7,L,39
F,SaudiArabia,SaudiArabia,MiddleSchool,G-07,B,Science,F,one,50,90,37,70,Yes,Good,Under-7,M,40
F,KW,KuwaIT,MiddleSchool,G-07,A,IT,F,one,14,13,3,70,No,Bad,Above-7,L,41
M,KW,KuwaIT,MiddleSchool,G-07,A,IT,F,one,19,20,16,50,No,Good,Under-7,M,42
M,KW,KuwaIT,HighSchool,G-09,A,IT,F,one,10,12,7,33,Yes,Good,Above-7,L,43
F,KW,KuwaIT,HighSchool,G-09,A,IT,F,one,30,35,28,90,Yes,Good,Under-7,M,44
F,KW,KuwaIT,HighSchool,G-09,A,IT,F,one,33,33,30,90,No,Bad,Under-7,M,45
M,KW,KuwaIT,MiddleSchool,G-07,A,Quran,F,one,20,12,15,70,No,Good,Above-7,L,46
M,KW,KuwaIT,lowerlevel,G-05,A,English,F,one,7,10,1,30,No,Bad,Above-7,L,47
F,KW,KuwaIT,HighSchool,G-12,A,English,F,both,70,4,39,90,Yes,Good,Under-7,H,48
F,KW,KuwaIT,HighSchool,G-12,A,English,F,both,13,80,40,88,Yes,Good,Under-7,H,49
F,KW,KuwaIT,HighSchool,G-12,A,English,F,one,29,39,50,77,Yes,Good,Under-7,M,50
F,KW,KuwaIT,HighSchool,G-12,A,English,F,one,20,14,12,70,No,Bad,Above-7,L,51
M,KW,KuwaIT,HighSchool,G-12,A,English,F,one,39,15,16,50,No,Good,Above-7,L,52
F,KW,KuwaIT,HighSchool,G-12,A,English,F,one,55,90,16,40,No,Bad,Under-7,M,53
F,KW,KuwaIT,HighSchool,G-11,A,Science,F,both,49,70,19,75,Yes,Good,Under-7,H,54
M,KW,KuwaIT,HighSchool,G-12,A,English,F,both,12,50,8,30,No,Bad,Above-7,L,55
M,KW,KuwaIT,MiddleSchool,G-07,A,Math,F,one,16,14,6,20,Yes,Good,Above-7,L,56
M,USA,USA,MiddleSchool,G-08,B,Math,F,one,19,5,4,1,Yes,Good,Above-7,L,57
M,KW,KuwaIT,MiddleSchool,G-07,A,Math,F,one,5,2,6,5,Yes,Good,Above-7,L,58
M,KW,KuwaIT,MiddleSchool,G-07,A,Math,F,one,28,60,19,50,Yes,Good,Under-7,M,59
F,USA,USA,MiddleSchool,G-07,A,Math,F,one,27,22,22,40,No,Good,Under-7,M,60
F,Jordan,Jordan,lowerlevel,G-05,A,English,F,both,21,10,28,20,No,Good,Above-7,L,61
M,KW,KuwaIT,HighSchool,G-10,A,IT,F,one,50,70,32,40,Yes,Good,Under-7,M,62
M,venzuela,venzuela,HighSchool,G-10,A,IT,F,both,80,90,70,80,Yes,Good,Under-7,H,63
M,KW,KuwaIT,HighSchool,G-10,A,IT,F,one,17,13,16,12,Yes,Bad,Under-7,M,64
M,KW,KuwaIT,HighSchool,G-10,A,IT,F,one,0,5,7,2,No,Bad,Above-7,L,65
M,KW,KuwaIT,HighSchool,G-12,A,English,F,one,13,5,18,19,No,Bad,Above-7,L,66
F,KW,KuwaIT,HighSchool,G-12,A,English,F,one,25,10,19,30,No,Bad,Above-7,M,67
F,USA,USA,HighSchool,G-12,A,English,F,both,65,75,23,80,Yes,Good,Under-7,H,68
F,USA,USA,HighSchool,G-12,A,IT,F,both,70,69,35,30,Yes,Good,Under-7,H,69
M,Jordan,Jordan,MiddleSchool,G-07,A,IT,F,one,39,40,11,33,No,Bad,Under-7,M,70
M,Jordan,Jordan,MiddleSchool,G-07,A,IT,F,one,22,30,10,12,Yes,Good,Above-7,L,71
M,KW,KuwaIT,MiddleSchool,G-07,A,IT,F,one,29,22,9,20,Yes,Good,Under-7,M,72
M,KW,KuwaIT,MiddleSchool,G-07,A,Math,F,one,11,2,2,8,No,Bad,Under-7,L,73
F,KW,KuwaIT,MiddleSchool,G-07,A,English,F,one,19,30,26,19,Yes,Bad,Above-7,M,74
M,KW,KuwaIT,MiddleSchool,G-07,B,IT,F,one,12,0,6,13,No,Bad,Under-7,L,75
M,Jordan,Jordan,MiddleSchool,G-07,A,Quran,F,both,50,90,29,60,Yes,Good,Under-7,M,76
M,Iran,Iran,HighSchool,G-09,A,IT,F,both,15,70,37,44,Yes,Good,Under-7,M,77
M,KW,KuwaIT,HighSchool,G-09,A,IT,F,one,20,80,33,33,Yes,Good,Under-7,M,78
M,KW,KuwaIT,HighSchool,G-11,A,Quran,F,one,13,3,11,9,No,Bad,Above-7,L,79
F,lebanon,lebanon,MiddleSchool,G-07,B,Math,F,both,80,90,49,55,Yes,Bad,Under-7,H,80
M,KW,KuwaIT,MiddleSchool,G-07,A,Math,F,one,8,15,10,40,Yes,Bad,Under-7,L,81
M,KW,KuwaIT,lowerlevel,G-02,A,IT,F,one,8,25,1,70,No,Bad,Above-7,L,82
M,KW,KuwaIT,lowerlevel,G-02,B,IT,F,one,7,5,2,80,Yes,Good,Above-7,L,83
M,KW,KuwaIT,lowerlevel,G-02,B,IT,F,one,7,4,10,50,No,Good,Above-7,M,84
M,KW,KuwaIT,lowerlevel,G-02,B,IT,F,one,50,70,50,10,Yes,Good,Above-7,H,85
M,KW,KuwaIT,lowerlevel,G-02,B,IT,F,one,1,0,1,12,No,Bad,Above-7,L,86
M,SaudiArabia,SaudiArabia,lowerlevel,G-02,B,IT,F,one,70,12,40,50,Yes,Good,Under-7,H,87
M,KW,KuwaIT,lowerlevel,G-02,B,IT,F,one,19,70,3,50,No,Bad,Under-7,L,88
F,KW,KuwaIT,lowerlevel,G-02,B,IT,F,one,3,12,4,33,No,Bad,Under-7,L,89
M,KW,KuwaIT,lowerlevel,G-02,B,IT,F,one,5,20,1,50,Yes,Good,Above-7,L,90
M,KW,KuwaIT,lowerlevel,G-02,B,IT,F,one,4,8,10,60,Yes,Good,Above-7,L,91
M,KW,KuwaIT,lowerlevel,G-02,B,IT,F,one,80,90,55,19,Yes,Good,Under-7,H,92
F,KW,KuwaIT,lowerlevel,G-02,B,IT,F,one,50,70,19,15,Yes,Good,Under-7,H,93
M,USA,USA,lowerlevel,G-02,B,IT,F,one,55,89,40,40,Yes,Good,Under-7,H,94
F,KW,KuwaIT,lowerlevel,G-02,B,IT,F,one,80,44,35,10,No,Good,Above-7,L,95
F,KW,KuwaIT,lowerlevel,G-02,B,IT,F,one,100,80,2,70,No,Bad,Under-7,H,96
F,KW,KuwaIT,lowerlevel,G-02,C,IT,F,one,14,60,11,75,Yes,Good,Under-7,H,97
F,KW,KuwaIT,lowerlevel,G-02,B,IT,F,one,6,2,38,12,No,Bad,Under-7,M,98
F,KW,KuwaIT,lowerlevel,G-02,C,IT,F,one,10,3,0,30,No,Bad,Under-7,M,99
M,KW,KuwaIT,lowerlevel,G-02,B,IT,F,one,50,7,9,50,Yes,Bad,Above-7,M,100
M,KW,KuwaIT,lowerlevel,G-02,B,IT,F,one,50,90,40,90,Yes,Bad,Under-7,M,101
F,KW,KuwaIT,lowerlevel,G-02,B,IT,F,both,70,92,50,7,Yes,Good,Under-7,H,102
F,KW,KuwaIT,lowerlevel,G-02,B,IT,F,one,2,6,2,8,No,Bad,Above-7,L,103
M,KW,KuwaIT,lowerlevel,G-02,B,IT,F,one,1,7,6,10,No,Bad,Above-7,L,104
M,KW,KuwaIT,lowerlevel,G-02,B,IT,F,one,0,12,3,3,Yes,Good,Above-7,M,105
F,KW,KuwaIT,lowerlevel,G-02,B,IT,F,one,0,0,5,80,Yes,Good,Above-7,L,106
F,KW,KuwaIT,lowerlevel,G-02,B,IT,F,one,12,26,7,40,Yes,Good,Under-7,M,107
M,KW,KuwaIT,lowerlevel,G-02,B,IT,F,one,70,90,41,33,Yes,Bad,Under-7,H,108
M,SaudiArabia,SaudiArabia,lowerlevel,G-02,B,IT,F,one,7,12,5,3,No,Bad,Above-7,M,109
M,KW,KuwaIT,lowerlevel,G-02,B,IT,F,one,90,70,30,14,No,Bad,Under-7,M,110
F,Jordan,Jordan,lowerlevel,G-02,B,IT,F,both,70,88,55,40,Yes,Good,Under-7,H,111
M,KW,KuwaIT,lowerlevel,G-02,C,IT,F,one,77,80,51,80,No,Good,Under-7,M,112
M,KW,KuwaIT,lowerlevel,G-02,B,IT,F,one,2,5,3,50,No,Bad,Above-7,L,113
M,KW,KuwaIT,lowerlevel,G-02,B,IT,F,one,25,27,0,69,No,Bad,Above-7,L,114
M,KW,KuwaIT,lowerlevel,G-02,B,IT,F,one,11,2,0,50,No,Bad,Above-7,L,115
M,KW,KuwaIT,lowerlevel,G-02,B,IT,F,one,0,8,11,70,Yes,Good,Above-7,L,116
F,KW,KuwaIT,lowerlevel,G-02,C,IT,F,both,77,80,12,19,Yes,Good,Above-7,M,117
F,KW,KuwaIT,lowerlevel,G-02,C,IT,F,both,25,29,40,17,No,Good,Under-7,H,118
F,KW,KuwaIT,lowerlevel,G-02,C,IT,F,both,24,35,23,22,Yes,Good,Above-7,M,119
M,KW,KuwaIT,lowerlevel,G-02,C,IT,F,one,60,60,3,60,No,Bad,Under-7,M,120
M,KW,KuwaIT,lowerlevel,G-02,C,IT,F,both,21,12,0,50,Yes,Good,Under-7,M,121
M,KW,KuwaIT,lowerlevel,G-02,C,IT,F,both,0,4,8,30,No,Bad,Above-7,L,122
F,KW,KuwaIT,lowerlevel,G-02,B,IT,F,one,66,90,55,12,Yes,Good,Above-7,M,123
F,lebanon,lebanon,lowerlevel,G-02,B,IT,F,one,70,98,7,5,Yes,Good,Under-7,M,124
M,KW,KuwaIT,lowerlevel,G-02,C,IT,F,one,0,6,4,15,Yes,Bad,Under-7,L,125
M,KW,KuwaIT,lowerlevel,G-02,B,IT,F,one,12,30,0,17,No,Good,Above-7,L,126
F,Iran,Iran,lowerlevel,G-02,C,IT,F,one,2,9,7,55,Yes,Good,Under-7,M,127
M,KW,KuwaIT,lowerlevel,G-02,B,IT,F,one,55,33,6,9,No,Bad,Above-7,L,128
M,KW,KuwaIT,lowerlevel,G-02,C,IT,F,one,12,10,20,16,No,Bad,Under-7,L,129
M,KW,KuwaIT,lowerlevel,G-02,B,IT,F,one,70,90,2,2,Yes,Good,Under-7,L,130
F,KW,KuwaIT,lowerlevel,G-02,C,IT,F,one,7,9,5,30,No,Bad,Above-7,L,131
M,Jordan,Jordan,lowerlevel,G-02,C,IT,F,one,80,42,20,50,Yes,Good,Under-7,M,132
M,KW,KuwaIT,lowerlevel,G-02,C,IT,S,one,0,3,10,3,No,Bad,Above-7,L,133
M,KW,KuwaIT,lowerlevel,G-02,A,IT,S,one,12,60,0,70,Yes,Good,Above-7,L,134
M,KW,KuwaIT,MiddleSchool,G-07,A,Quran,S,one,80,80,15,70,Yes,Good,Under-7,H,135
F,Egypt,Egypt,MiddleSchool,G-07,A,Quran,S,both,70,80,95,70,Yes,Good,Under-7,H,136
F,KW,USA,HighSchool,G-11,A,Quran,S,both,70,80,95,70,Yes,Good,Under-7,H,137
F,KW,USA,HighSchool,G-11,A,Quran,F,both,60,80,50,40,No,Bad,Under-7,M,138
F,Jordan,Egypt,MiddleSchool,G-07,A,Quran,F,both,100,80,95,90,No,Bad,Under-7,H,139
M,Jordan,USA,MiddleSchool,G-07,A,Quran,F,both,100,85,85,70,No,Bad,Under-7,M,140
M,Tunis,Tunis,MiddleSchool,G-07,A,Quran,F,one,10,60,5,20,Yes,Bad,Above-7,L,141
M,Tunis,Tunis,MiddleSchool,G-07,A,Quran,S,one,19,65,50,10,No,Bad,Above-7,L,142
M,Tunis,Tunis,MiddleSchool,G-07,A,Quran,S,one,10,75,55,11,Yes,Good,Under-7,M,143
M,KW,KuwaIT,MiddleSchool,G-07,A,Quran,S,one,80,90,55,19,Yes,Good,Under-7,H,144
M,KW,KuwaIT,MiddleSchool,G-07,A,Quran,S,one,10,10,15,19,No,Bad,Above-7,L,145
M,Tunis,SaudiArabia,MiddleSchool,G-07,A,Quran,S,one,70,75,55,11,Yes,Bad,Under-7,M,146
F,lebanon,lebanon,MiddleSchool,G-07,A,Quran,S,both,100,75,50,70,Yes,Good,Under-7,H,147
F,lebanon,lebanon,MiddleSchool,G-07,A,Quran,S,one,10,79,30,30,No,Bad,Under-7,M,148
F,Jordan,Jordan,MiddleSchool,G-07,A,Quran,S,one,60,55,30,40,No,Bad,Under-7,M,149
F,Jordan,lebanon,MiddleSchool,G-07,A,Quran,S,both,100,75,50,70,Yes,Bad,Under-7,H,150
M,SaudiArabia,SaudiArabia,HighSchool,G-11,A,Quran,S,one,80,80,51,59,Yes,Good,Under-7,H,151
M,SaudiArabia,USA,HighSchool,G-11,A,Science,S,one,23,63,71,89,Yes,Good,Under-7,M,152
F,SaudiArabia,USA,HighSchool,G-11,B,Science,S,one,100,91,98,40,Yes,Bad,Under-7,H,153
M,SaudiArabia,USA,HighSchool,G-11,B,Spanish,S,one,10,51,40,40,No,Bad,Above-7,L,154
M,SaudiArabia,USA,HighSchool,G-11,B,English,S,one,70,50,33,41,No,Bad,Above-7,M,155
M,SaudiArabia,USA,HighSchool,G-11,B,Math,S,one,70,58,73,91,Yes,Bad,Under-7,H,156
F,Tunis,USA,HighSchool,G-11,B,French,S,one,70,50,30,49,Yes,Good,Under-7,M,157
M,Tunis,Tunis,HighSchool,G-11,B,Science,S,one,70,50,33,40,No,Good,Under-7,M,158
M,Tunis,KuwaIT,MiddleSchool,G-07,B,Science,S,one,22,51,48,10,No,Bad,Above-7,L,159
F,KW,KuwaIT,MiddleSchool,G-07,B,Science,S,one,62,68,48,80,Yes,Good,Under-7,M,160
F,Jordan,Jordan,MiddleSchool,G-07,B,Science,S,both,82,89,58,50,Yes,Good,Under-7,H,161
M,Jordan,Jordan,MiddleSchool,G-07,B,Science,S,both,72,80,58,66,No,Bad,Under-7,M,162
F,Jordan,Jordan,lowerlevel,G-02,B,French,S,both,70,82,3,73,No,Bad,Under-7,H,163
F,Jordan,USA,lowerlevel,G-02,B,French,S,both,60,82,93,43,No,Bad,Above-7,M,164
M,Jordan,Jordan,lowerlevel,G-02,B,French,S,both,55,72,83,14,Yes,Good,Above-7,M,165
F,Morocco,Morocco,lowerlevel,G-02,B,French,S,both,72,65,73,66,Yes,Good,Under-7,H,166
M,KW,KuwaIT,lowerlevel,G-02,B,French,S,both,51,82,53,43,No,Bad,Under-7,M,167
M,Tunis,Tunis,lowerlevel,G-02,B,French,S,both,80,92,83,43,Yes,Good,Under-7,H,168
M,KW,KuwaIT,lowerlevel,G-02,B,French,S,both,60,52,23,33,Yes,Good,Under-7,H,169
M,KW,KuwaIT,lowerlevel,G-02,B,French,S,both,30,12,29,23,No,Bad,Under-7,M,170
M,KW,KuwaIT,lowerlevel,G-02,B,French,S,one,40,62,83,33,Yes,Good,Under-7,H,171
M,KW,KuwaIT,lowerlevel,G-02,B,French,S,both,60,52,23,33,No,Good,Under-7,M,172
M,Iran,Iran,lowerlevel,G-02,B,French,S,both,20,22,53,13,No,Good,Above-7,L,173
M,Syria,Syria,lowerlevel,G-02,B,French,S,both,20,52,23,33,Yes,Good,Above-7,L,174
F,Jordan,Jordan,lowerlevel,G-02,B,French,S,one,50,62,73,43,Yes,Bad,Above-7,M,175
M,Iran,Iran,lowerlevel,G-02,B,French,S,one,10,2,13,53,No,Bad,Above-7,L,176
M,Tunis,Tunis,lowerlevel,G-02,B,French,S,both,60,52,23,33,Yes,Bad,Under-7,H,177
F,USA,USA,lowerlevel,G-02,B,French,S,both,15,52,83,11,Yes,Bad,Under-7,M,178
F,lebanon,lebanon,lowerlevel,G-02,B,French,S,both,80,42,33,13,Yes,Bad,Under-7,H,179
M,lebanon,lebanon,lowerlevel,G-02,B,French,S,both,40,51,20,33,No,Bad,Under-7,M,180
F,SaudiArabia,SaudiArabia,lowerlevel,G-02,B,French,S,one,60,70,63,93,Yes,Bad,Under-7,H,181
M,Jordan,Jordan,lowerlevel,G-02,B,French,S,one,50,62,13,33,No,Bad,Above-7,L,182
M,KW,KuwaIT,MiddleSchool,G-08,A,Arabic,S,both,85,75,62,53,Yes,Bad,Under-7,H,183
F,lebanon,lebanon,MiddleSchool,G-08,A,Arabic,S,one,25,15,32,53,No,Bad,Under-7,M,184
M,lebanon,lebanon,MiddleSchool,G-08,A,Arabic,S,both,10,35,30,13,No,Bad,Above-7,L,185
M,lebanon,Jordan,MiddleSchool,G-08,A,Arabic,S,both,87,65,82,33,Yes,Good,Under-7,H,186
M,KW,KuwaIT,MiddleSchool,G-08,A,Arabic,S,both,85,15,22,53,Yes,Good,Under-7,M,187
F,KW,KuwaIT,MiddleSchool,G-08,A,Arabic,S,one,80,71,52,51,Yes,Good,Under-7,M,188
M,KW,KuwaIT,MiddleSchool,G-08,A,Arabic,S,both,75,71,72,53,Yes,Good,Under-7,H,189
F,KW,KuwaIT,MiddleSchool,G-08,A,Arabic,S,one,85,66,12,23,No,Bad,Under-7,M,190
M,KW,KuwaIT,MiddleSchool,G-08,A,Arabic,S,one,23,25,32,53,No,Bad,Under-7,L,191
M,KW,KuwaIT,MiddleSchool,G-08,A,Arabic,S,one,15,25,37,13,Yes,Good,Above-7,L,192
M,KW,KuwaIT,MiddleSchool,G-08,A,Arabic,S,both,95,91,62,53,Yes,Good,Under-7,M,193
M,Morocco,Morocco,MiddleSchool,G-08,A,Arabic,S,both,81,75,62,53,No,Bad,Under-7,M,194
M,Morocco,Morocco,MiddleSchool,G-08,A,Arabic,S,both,53,75,72,23,No,Bad,Under-7,M,195
M,KW,KuwaIT,MiddleSchool,G-08,A,Arabic,S,one,15,43,42,33,Yes,Good,Under-7,M,196
M,KW,KuwaIT,MiddleSchool,G-08,A,Arabic,S,both,92,65,62,53,Yes,Good,Under-7,H,197
M,KW,KuwaIT,MiddleSchool,G-08,A,Arabic,S,both,83,75,62,53,No,Bad,Under-7,H,198
M,Morocco,Morocco,MiddleSchool,G-08,B,Arabic,S,one,27,15,42,53,No,Bad,Above-7,L,199
M,KW,KuwaIT,MiddleSchool,G-08,B,Arabic,S,one,45,95,12,13,No,Bad,Under-7,M,200
M,KW,KuwaIT,MiddleSchool,G-08,B,Arabic,S,both,15,90,52,83,Yes,Bad,Under-7,H,201
F,lebanon,lebanon,MiddleSchool,G-08,A,Arabic,S,both,45,58,52,43,Yes,Good,Under-7,H,202
M,KW,KuwaIT,MiddleSchool,G-08,B,Arabic,S,one,25,5,12,33,Yes,Good,Under-7,M,203
F,KW,KuwaIT,MiddleSchool,G-08,B,Arabic,S,one,22,51,42,40,Yes,Bad,Under-7,M,204
M,Jordan,Jordan,MiddleSchool,G-08,B,Arabic,S,one,29,10,12,24,No,Bad,Above-7,L,205
F,SaudiArabia,SaudiArabia,MiddleSchool,G-08,B,Arabic,S,both,72,51,42,24,Yes,Bad,Above-7,H,206
M,KW,KuwaIT,MiddleSchool,G-08,B,Arabic,S,one,67,31,42,14,Yes,Good,Under-7,M,207
M,KW,KuwaIT,MiddleSchool,G-08,C,Spanish,S,one,17,21,42,14,Yes,Good,Under-7,M,208
M,Tunis,Tunis,MiddleSchool,G-08,C,Spanish,S,both,27,41,49,14,No,Bad,Under-7,M,209
M,KW,KuwaIT,MiddleSchool,G-08,C,Spanish,S,one,70,81,39,84,No,Bad,Under-7,M,210
M,Jordan,SaudiArabia,MiddleSchool,G-08,C,Spanish,S,both,27,90,82,14,Yes,Good,Under-7,H,211
M,KW,KuwaIT,MiddleSchool,G-08,C,Spanish,S,one,17,61,42,14,No,Bad,Under-7,M,212
M,Tunis,Tunis,MiddleSchool,G-08,C,Spanish,S,both,87,81,42,19,Yes,Good,Under-7,H,213
M,Tunis,Tunis,MiddleSchool,G-08,C,Spanish,S,one,7,61,22,14,No,Bad,Above-7,L,214
M,KW,KuwaIT,MiddleSchool,G-08,C,Spanish,S,one,17,50,2,4,No,Bad,Above-7,L,215
M,KW,KuwaIT,MiddleSchool,G-08,C,Spanish,S,one,5,21,42,14,No,Good,Above-7,L,216
M,Iran,Iran,MiddleSchool,G-08,C,Spanish,S,both,27,41,32,61,Yes,Bad,Above-7,M,217
F,Jordan,KuwaIT,MiddleSchool,G-08,C,Spanish,S,one,87,88,40,10,Yes,Good,Under-7,M,218
M,KW,KuwaIT,MiddleSchool,G-08,C,Spanish,S,both,96,61,42,94,Yes,Bad,Under-7,H,219
M,KW,KuwaIT,MiddleSchool,G-08,C,Spanish,S,both,57,51,46,34,Yes,Good,Under-7,M,220
M,lebanon,lebanon,MiddleSchool,G-08,C,Spanish,S,one,77,69,41,13,Yes,Good,Under-7,M,221
M,lebanon,lebanon,MiddleSchool,G-08,C,Spanish,S,one,80,51,40,24,No,Good,Under-7,M,222
M,KW,KuwaIT,MiddleSchool,G-08,B,Spanish,S,one,62,61,82,40,Yes,Bad,Under-7,M,223
M,KW,KuwaIT,MiddleSchool,G-08,A,Spanish,S,both,72,83,12,90,Yes,Good,Under-7,H,224
M,KW,KuwaIT,MiddleSchool,G-08,B,Spanish,S,both,87,81,22,70,Yes,Bad,Under-7,H,225
M,KW,KuwaIT,MiddleSchool,G-08,A,Spanish,S,both,72,90,12,30,No,Bad,Under-7,M,226
M,KW,KuwaIT,MiddleSchool,G-08,B,Spanish,S,one,2,11,62,30,No,Bad,Under-7,L,227
M,KW,KuwaIT,MiddleSchool,G-08,A,Spanish,S,one,5,3,2,10,Yes,Good,Under-7,L,228
M,KW,KuwaIT,HighSchool,G-11,B,Math,S,both,73,84,77,81,Yes,Good,Above-7,H,229
M,KW,KuwaIT,MiddleSchool,G-08,A,Spanish,S,one,5,17,21,10,No,Bad,Above-7,L,230
M,Iran,Iran,MiddleSchool,G-08,A,Spanish,S,both,51,42,12,29,No,Bad,Above-7,M,231
M,Syria,Jordan,MiddleSchool,G-08,A,Spanish,S,one,9,7,21,20,Yes,Good,Above-7,L,232
M,Syria,Syria,MiddleSchool,G-07,A,Quran,F,one,19,72,15,50,Yes,Good,Above-7,M,233
F,Jordan,Jordan,MiddleSchool,G-07,B,Science,S,both,32,80,58,46,Yes,Good,Above-7,M,234
M,KW,KuwaIT,MiddleSchool,G-07,B,Science,S,both,32,60,58,66,Yes,Good,Above-7,M,235
M,KW,KuwaIT,MiddleSchool,G-07,B,Science,S,one,12,8,18,26,No,Bad,Above-7,L,236
M,Jordan,Jordan,MiddleSchool,G-07,B,Science,S,one,52,10,13,6,No,Bad,Above-7,L,237
M,KW,KuwaIT,MiddleSchool,G-07,B,Science,S,one,72,80,58,66,Yes,Good,Above-7,M,238
F,KW,KuwaIT,MiddleSchool,G-07,B,Science,S,both,72,80,58,66,Yes,Good,Above-7,M,239
M,Egypt,Egypt,MiddleSchool,G-07,B,Science,S,both,92,80,88,76,Yes,Good,Under-7,H,240
M,KW,KuwaIT,MiddleSchool,G-07,B,Science,S,both,72,80,98,96,Yes,Bad,Under-7,H,241
M,Egypt,Egypt,MiddleSchool,G-07,B,Science,S,one,72,80,58,86,Yes,Good,Under-7,M,242
M,KW,KuwaIT,MiddleSchool,G-07,B,Science,S,one,22,20,18,6,No,Bad,Above-7,L,243
M,Egypt,KuwaIT,MiddleSchool,G-07,B,Science,S,one,12,20,38,46,No,Bad,Above-7,M,244
M,KW,KuwaIT,MiddleSchool,G-07,B,IT,S,both,70,92,83,85,Yes,Bad,Under-7,H,245
F,KW,KuwaIT,MiddleSchool,G-06,A,IT,S,one,50,40,52,66,Yes,Bad,Under-7,M,246
F,KW,KuwaIT,MiddleSchool,G-06,A,Science,S,one,80,94,62,77,Yes,Good,Under-7,H,247
F,KW,KuwaIT,MiddleSchool,G-06,A,Math,S,one,87,48,82,96,No,Bad,Above-7,M,248
F,KW,KuwaIT,MiddleSchool,G-06,A,Quran,S,one,70,40,2,16,No,Bad,Above-7,L,249
M,KW,KuwaIT,lowerlevel,G-04,A,IT,S,one,65,86,62,40,No,Good,Above-7,M,250
M,KW,KuwaIT,lowerlevel,G-04,A,Math,S,one,15,6,32,40,Yes,Good,Under-7,H,251
M,Egypt,Egypt,lowerlevel,G-04,A,English,S,both,19,74,32,17,No,Good,Above-7,L,252
F,KW,KuwaIT,lowerlevel,G-04,A,Science,S,one,69,76,82,94,No,Bad,Under-7,M,253
M,KW,KuwaIT,lowerlevel,G-04,A,Arabic,S,one,39,26,12,44,No,Bad,Above-7,L,254
M,KW,KuwaIT,lowerlevel,G-04,A,English,S,one,59,97,42,70,Yes,Good,Under-7,H,255
M,KW,KuwaIT,lowerlevel,G-04,A,History,S,both,10,17,12,40,Yes,Good,Above-7,H,256
F,KW,KuwaIT,lowerlevel,G-04,A,History,S,both,80,87,72,60,No,Good,Under-7,H,257
F,KW,KuwaIT,lowerlevel,G-04,A,History,S,one,70,99,66,65,No,Good,Under-7,M,258
F,KW,KuwaIT,lowerlevel,G-04,A,History,S,one,80,97,86,95,Yes,Good,Under-7,M,259
M,KW,KuwaIT,lowerlevel,G-04,A,English,S,both,69,34,12,17,No,Bad,Above-7,L,260
M,KW,KuwaIT,lowerlevel,G-04,A,History,S,one,10,17,12,14,No,Bad,Above-7,L,261
M,KW,KuwaIT,lowerlevel,G-04,A,History,S,one,61,97,82,64,Yes,Bad,Above-7,M,262
F,KW,KuwaIT,lowerlevel,G-04,A,History,S,both,21,27,52,34,Yes,Good,Above-7,M,263
M,Egypt,Egypt,lowerlevel,G-04,A,Math,S,both,49,94,42,7,No,Bad,Above-7,M,264
F,Jordan,Jordan,MiddleSchool,G-06,A,English,F,both,70,64,42,32,No,Bad,Under-7,M,265
F,Jordan,Jordan,MiddleSchool,G-06,A,English,S,both,79,84,82,37,No,Bad,Under-7,H,266
M,Jordan,Jordan,MiddleSchool,G-06,A,English,F,one,19,80,12,17,Yes,Good,Above-7,M,267
M,Jordan,Jordan,MiddleSchool,G-06,A,English,S,one,11,70,32,29,Yes,Good,Above-7,M,268
M,Jordan,Jordan,MiddleSchool,G-06,A,English,F,one,10,8,10,10,Yes,Bad,Above-7,M,269
M,Jordan,Jordan,MiddleSchool,G-06,A,English,S,one,18,28,40,20,Yes,Bad,Above-7,M,270
F,Jordan,Jordan,MiddleSchool,G-06,A,English,F,both,90,84,52,30,No,Good,Under-7,H,271
F,Jordan,Jordan,MiddleSchool,G-06,A,English,S,both,92,81,32,36,No,Good,Under-7,M,272
M,Jordan,Jordan,MiddleSchool,G-06,A,English,F,one,42,21,2,16,No,Bad,Under-7,M,273
M,Jordan,Jordan,MiddleSchool,G-06,A,English,S,both,22,20,6,26,No,Bad,Under-7,H,274
F,lebanon,lebanon,MiddleSchool,G-06,A,English,F,both,95,82,82,70,Yes,Good,Under-7,H,275
F,lebanon,lebanon,MiddleSchool,G-06,A,English,S,both,90,62,80,60,Yes,Good,Under-7,H,276
M,Palestine,Jordan,MiddleSchool,G-06,A,English,F,both,72,21,22,26,Yes,Good,Under-7,H,277
M,Palestine,Jordan,MiddleSchool,G-06,A,English,S,both,92,31,42,27,Yes,Good,Under-7,H,278
M,Palestine,Jordan,MiddleSchool,G-06,A,English,F,both,82,31,52,25,No,Good,Under-7,M,279
M,Palestine,Jordan,MiddleSchool,G-06,A,English,S,both,72,41,46,27,No,Good,Under-7,M,280
M,Iraq,Iraq,MiddleSchool,G-06,A,English,F,both,74,71,56,37,No,Good,Under-7,H,281
M,Iraq,Iraq,MiddleSchool,G-06,A,English,S,both,74,60,56,37,No,Good,Under-7,H,282
F,Jordan,Jordan,MiddleSchool,G-06,A,English,F,both,95,94,72,80,No,Good,Under-7,H,283
F,Jordan,Jordan,MiddleSchool,G-06,A,English,S,both,97,87,82,86,No,Good,Under-7,H,284
M,Jordan,Jordan,MiddleSchool,G-06,A,English,F,one,40,38,32,36,No,Bad,Above-7,M,285
M,Jordan,Jordan,MiddleSchool,G-06,A,English,S,one,41,39,35,39,Yes,Bad,Above-7,M,286
F,Jordan,Jordan,MiddleSchool,G-06,A,English,F,both,51,79,85,89,Yes,Good,Under-7,H,287
F,Jordan,Jordan,MiddleSchool,G-06,A,English,S,both,81,79,91,85,Yes,Good,Under-7,H,288
M,Palestine,Jordan,MiddleSchool,G-06,A,English,F,both,71,70,65,69,Yes,Good,Under-7,M,289
M,Palestine,Jordan,MiddleSchool,G-06,A,English,S,both,75,71,76,80,Yes,Good,Under-7,M,290
F,Jordan,Jordan,lowerlevel,G-04,A,Science,F,one,49,36,32,44,No,Bad,Above-7,L,291
F,Jordan,Jordan,lowerlevel,G-04,A,Science,S,one,42,24,12,24,No,Bad,Above-7,L,292
F,Palestine,Palestine,lowerlevel,G-04,A,Science,F,both,90,86,82,74,Yes,Good,Under-7,H,293
F,Palestine,Palestine,lowerlevel,G-04,A,Science,S,both,62,64,72,84,Yes,Good,Under-7,H,294
M,Iraq,Iraq,lowerlevel,G-04,A,Science,F,one,90,86,82,74,Yes,Good,Above-7,M,295
M,Iraq,Iraq,lowerlevel,G-04,A,Science,S,one,62,64,72,84,Yes,Good,Above-7,M,296
F,Jordan,Jordan,lowerlevel,G-04,A,Science,F,both,98,87,86,84,No,Good,Under-7,H,297
F,Jordan,Jordan,lowerlevel,G-04,A,Science,S,both,72,74,82,89,No,Good,Under-7,H,298
M,Jordan,Jordan,lowerlevel,G-04,A,Science,F,one,18,17,26,34,No,Good,Above-7,M,299
M,Jordan,Jordan,lowerlevel,G-04,A,Science,S,one,32,14,32,29,No,Good,Above-7,M,300
M,Jordan,Jordan,lowerlevel,G-04,A,Science,F,one,10,12,20,13,No,Bad,Above-7,L,301
M,Jordan,Jordan,lowerlevel,G-04,A,Science,S,one,22,34,15,9,No,Bad,Above-7,L,302
F,Jordan,Jordan,lowerlevel,G-04,B,Science,F,both,11,20,21,23,No,Bad,Under-7,M,303
F,Jordan,Jordan,lowerlevel,G-04,B,Science,S,both,12,44,25,39,No,Bad,Under-7,M,304
F,Jordan,Jordan,lowerlevel,G-04,B,Science,F,one,15,50,24,43,Yes,Bad,Under-7,M,305
F,Jordan,Jordan,lowerlevel,G-04,B,Science,S,one,32,44,29,89,Yes,Bad,Under-7,M,306
M,Jordan,Jordan,lowerlevel,G-04,B,Science,F,both,65,59,74,83,Yes,Good,Under-7,H,307
M,Jordan,Jordan,lowerlevel,G-04,B,Science,S,both,72,64,59,89,Yes,Good,Under-7,H,308
M,Palestine,Jordan,lowerlevel,G-04,B,Science,F,both,95,57,74,89,Yes,Good,Above-7,M,309
M,Palestine,Jordan,lowerlevel,G-04,B,Science,S,both,82,84,79,79,Yes,Good,Above-7,M,310
M,Jordan,Jordan,lowerlevel,G-04,B,Science,F,one,25,29,34,33,No,Good,Above-7,M,311
M,Jordan,Jordan,lowerlevel,G-04,B,Science,S,one,42,34,29,39,No,Good,Above-7,M,312
F,Jordan,Jordan,lowerlevel,G-04,B,Science,F,both,55,79,44,43,Yes,Good,Under-7,H,313
F,Jordan,Jordan,lowerlevel,G-04,B,Science,S,both,62,64,69,49,Yes,Good,Under-7,H,314
F,Jordan,lebanon,lowerlevel,G-04,B,Science,F,both,78,88,74,83,Yes,Good,Under-7,H,315
F,Jordan,lebanon,lowerlevel,G-04,B,Science,S,both,72,84,89,89,Yes,Good,Under-7,H,316
M,Jordan,Jordan,lowerlevel,G-02,A,French,F,both,60,92,83,23,Yes,Good,Under-7,H,317
M,Jordan,Jordan,lowerlevel,G-02,A,French,S,both,50,90,83,13,Yes,Good,Under-7,H,318
F,Jordan,Jordan,lowerlevel,G-02,A,French,F,both,60,97,13,3,Yes,Good,Under-7,H,319
F,Jordan,Jordan,lowerlevel,G-02,A,French,S,both,50,95,23,10,Yes,Good,Under-7,H,320
F,Jordan,Jordan,lowerlevel,G-02,A,French,F,both,60,87,23,11,Yes,Good,Above-7,M,321
F,Jordan,Jordan,lowerlevel,G-02,A,French,S,both,50,80,20,15,Yes,Good,Above-7,M,322
M,Jordan,Jordan,lowerlevel,G-02,A,French,F,one,10,15,10,21,No,Bad,Above-7,L,323
M,Jordan,Jordan,lowerlevel,G-02,A,French,S,one,30,10,20,5,No,Bad,Above-7,L,324
M,Syria,Syria,lowerlevel,G-02,A,French,F,one,24,35,18,31,No,Bad,Under-7,M,325
M,Syria,Syria,lowerlevel,G-02,A,French,S,one,27,20,33,35,No,Bad,Under-7,M,326
M,Jordan,Jordan,lowerlevel,G-02,A,French,F,one,10,15,10,21,No,Bad,Above-7,L,327
M,Jordan,Jordan,lowerlevel,G-02,A,French,S,one,30,10,20,5,No,Bad,Above-7,L,328
F,Jordan,Palestine,lowerlevel,G-02,A,French,F,both,80,77,63,83,Yes,Good,Under-7,M,329
F,Jordan,Palestine,lowerlevel,G-02,A,French,S,both,75,85,73,80,Yes,Good,Under-7,M,330
M,Jordan,Jordan,lowerlevel,G-02,A,French,F,one,40,7,50,41,No,Good,Above-7,L,331
M,Jordan,Jordan,lowerlevel,G-02,A,French,S,one,35,2,29,33,No,Good,Above-7,L,332
F,Jordan,Jordan,lowerlevel,G-02,A,French,F,both,10,90,30,21,No,Good,Under-7,M,333
F,Jordan,Jordan,lowerlevel,G-02,A,French,S,both,25,80,29,23,No,Good,Under-7,M,334
M,Lybia,Lybia,lowerlevel,G-02,A,French,F,both,10,8,9,3,No,Good,Above-7,L,335
M,Lybia,Lybia,lowerlevel,G-02,A,French,S,both,15,7,12,7,No,Good,Above-7,L,336
F,Palestine,Jordan,lowerlevel,G-02,A,French,F,both,70,90,20,21,No,Good,Under-7,M,337
F,Palestine,Jordan,lowerlevel,G-02,A,French,S,both,75,80,15,20,No,Good,Under-7,M,338
F,Palestine,Jordan,lowerlevel,G-02,B,French,F,one,78,98,10,11,No,Good,Under-7,M,339
F,Palestine,Jordan,lowerlevel,G-02,B,French,S,one,79,89,11,14,No,Good,Under-7,M,340
F,Iraq,Iraq,lowerlevel,G-02,B,French,F,one,16,90,15,11,No,Good,Under-7,M,341
F,Iraq,Iraq,lowerlevel,G-02,B,French,S,one,17,80,13,10,No,Good,Under-7,M,342
M,Jordan,Jordan,lowerlevel,G-02,B,French,F,both,40,87,50,41,No,Bad,Under-7,M,343
M,Jordan,Jordan,lowerlevel,G-02,B,French,S,both,35,92,29,33,No,Bad,Under-7,M,344
F,Jordan,Jordan,lowerlevel,G-02,B,French,F,both,14,97,15,14,No,Good,Under-7,H,345
F,Jordan,Jordan,lowerlevel,G-02,B,French,F,both,13,82,20,30,No,Good,Under-7,H,346
F,Jordan,Jordan,lowerlevel,G-02,B,French,S,both,24,97,15,14,No,Good,Under-7,H,347
F,Jordan,Jordan,lowerlevel,G-02,B,French,S,both,23,82,20,30,No,Good,Under-7,H,348
M,Lybia,Lybia,lowerlevel,G-02,B,French,F,both,20,3,9,3,No,Good,Above-7,L,349
M,Lybia,Lybia,lowerlevel,G-02,B,French,S,both,15,4,12,7,No,Good,Above-7,L,350
M,Egypt,Egypt,lowerlevel,G-02,B,French,F,both,5,13,6,6,No,Good,Above-7,L,351
M,Egypt,Egypt,lowerlevel,G-02,B,French,S,both,7,9,11,10,No,Good,Above-7,L,352
F,Jordan,Jordan,lowerlevel,G-02,B,French,F,both,10,94,40,11,Yes,Good,Under-7,M,353
F,Jordan,Jordan,lowerlevel,G-02,B,French,S,both,25,89,21,13,Yes,Good,Under-7,M,354
M,Jordan,Jordan,lowerlevel,G-02,B,French,F,both,30,98,42,21,Yes,Good,Under-7,H,355
M,Jordan,Jordan,lowerlevel,G-02,B,French,S,both,35,97,41,23,Yes,Good,Under-7,H,356
M,Jordan,Jordan,lowerlevel,G-02,B,French,F,one,32,88,32,25,Yes,Good,Under-7,M,357
M,Jordan,Jordan,lowerlevel,G-02,B,French,S,one,25,87,21,27,Yes,Good,Under-7,M,358
F,lebanon,lebanon,lowerlevel,G-02,B,French,F,both,72,98,52,15,Yes,Good,Under-7,H,359
F,lebanon,lebanon,lowerlevel,G-02,B,French,S,both,75,90,51,17,Yes,Good,Under-7,H,360
M,Jordan,Jordan,lowerlevel,G-02,A,Arabic,F,one,20,88,31,28,Yes,Good,Above-7,M,361
M,Jordan,Jordan,lowerlevel,G-02,A,Arabic,S,one,10,98,41,38,Yes,Good,Above-7,M,362
M,Palestine,Jordan,lowerlevel,G-02,A,Arabic,F,one,90,98,41,38,Yes,Good,Under-7,H,363
M,Palestine,Jordan,lowerlevel,G-02,A,Arabic,S,one,80,88,51,39,Yes,Good,Under-7,H,364
M,Iraq,Iraq,lowerlevel,G-02,A,Arabic,F,one,80,95,21,28,Yes,Good,Under-7,H,365
M,Iraq,Iraq,lowerlevel,G-02,A,Arabic,S,one,78,70,31,29,Yes,Good,Under-7,H,366
M,Jordan,Jordan,lowerlevel,G-02,A,Arabic,F,one,10,18,71,38,Yes,Good,Above-7,M,367
M,Jordan,Jordan,lowerlevel,G-02,A,Arabic,S,one,10,58,51,48,Yes,Good,Above-7,M,368
F,Palestine,Jordan,lowerlevel,G-02,A,Arabic,F,both,98,88,60,31,No,Good,Under-7,H,369
F,Palestine,Jordan,lowerlevel,G-02,A,Arabic,S,both,75,81,51,34,No,Good,Under-7,H,370
M,Jordan,Jordan,lowerlevel,G-02,A,Arabic,F,one,10,17,50,21,No,Bad,Under-7,M,371
M,Jordan,Jordan,lowerlevel,G-02,A,Arabic,S,one,35,2,29,23,No,Bad,Under-7,M,372
F,Jordan,Jordan,lowerlevel,G-02,A,Arabic,F,one,10,20,22,97,No,Bad,Above-7,L,373
F,Jordan,Jordan,lowerlevel,G-02,A,Arabic,S,one,5,9,19,98,No,Bad,Above-7,L,374
M,Jordan,Jordan,lowerlevel,G-02,B,Arabic,F,one,10,10,40,51,No,Bad,Above-7,L,375
M,Jordan,Jordan,lowerlevel,G-02,B,Arabic,S,one,35,2,29,23,No,Bad,Above-7,L,376
M,Jordan,Jordan,lowerlevel,G-02,B,Arabic,F,both,20,90,50,61,Yes,Bad,Above-7,M,377
M,Jordan,Jordan,lowerlevel,G-02,B,Arabic,S,both,32,82,59,63,Yes,Bad,Above-7,M,378
M,Jordan,Jordan,lowerlevel,G-02,B,Arabic,F,one,10,30,50,91,Yes,Bad,Above-7,L,379
M,Jordan,Jordan,lowerlevel,G-02,B,Arabic,S,one,12,22,59,83,Yes,Bad,Above-7,L,380
F,Jordan,Jordan,lowerlevel,G-02,B,Arabic,F,one,11,20,20,98,No,Bad,Above-7,L,381
F,Jordan,Jordan,lowerlevel,G-02,B,Arabic,S,one,10,12,29,93,No,Bad,Above-7,L,382
M,Iraq,Iraq,lowerlevel,G-02,B,Arabic,F,both,69,82,20,28,Yes,Good,Under-7,H,383
M,Iraq,Iraq,lowerlevel,G-02,B,Arabic,S,both,70,83,29,33,Yes,Good,Under-7,H,384
F,Iraq,Iraq,lowerlevel,G-02,B,Arabic,F,both,89,92,40,28,Yes,Good,Under-7,H,385
F,Iraq,Iraq,lowerlevel,G-02,B,Arabic,S,both,79,93,49,23,Yes,Good,Under-7,H,386
M,Jordan,Jordan,lowerlevel,G-02,B,Arabic,F,both,15,90,21,97,Yes,Good,Under-7,M,387
M,Jordan,Jordan,lowerlevel,G-02,B,Arabic,S,both,20,77,31,88,Yes,Good,Under-7,M,388
M,Jordan,SaudiArabia,lowerlevel,G-02,B,Arabic,F,both,4,10,11,7,No,Good,Above-7,L,389
M,Jordan,SaudiArabia,lowerlevel,G-02,B,Arabic,S,both,5,0,1,8,No,Good,Above-7,L,390
F,Jordan,Jordan,MiddleSchool,G-07,A,Biology,F,both,88,81,50,10,Yes,Good,Above-7,M,391
F,Jordan,Jordan,MiddleSchool,G-07,A,Biology,S,both,90,88,54,12,Yes,Good,Above-7,M,392
F,Iraq,Iraq,MiddleSchool,G-07,A,Biology,F,both,86,98,50,20,Yes,Good,Under-7,H,393
F,Iraq,Iraq,MiddleSchool,G-07,A,Biology,S,both,90,90,57,22,Yes,Good,Under-7,H,394
M,Jordan,Palestine,MiddleSchool,G-07,A,Biology,F,both,78,91,50,40,Yes,Good,Under-7,H,395
M,Jordan,Palestine,MiddleSchool,G-07,A,Biology,S,both,70,98,54,72,Yes,Good,Under-7,H,396
M,Jordan,Jordan,MiddleSchool,G-07,A,Biology,F,one,80,80,46,61,Yes,Bad,Under-7,M,397
M,Jordan,Jordan,MiddleSchool,G-07,A,Biology,S,one,85,82,59,63,Yes,Bad,Under-7,M,398
M,Palestine,Palestine,MiddleSchool,G-07,A,Biology,F,one,88,90,86,81,Yes,Good,Under-7,H,399
M,Palestine,Palestine,MiddleSchool,G-07,A,Biology,S,one,89,92,89,83,Yes,Good,Under-7,H,400
M,Jordan,Jordan,MiddleSchool,G-07,A,Biology,F,one,39,71,40,26,No,Good,Above-7,M,401
M,Jordan,Jordan,MiddleSchool,G-07,A,Biology,S,one,35,80,34,22,No,Good,Above-7,M,402
M,Jordan,Jordan,MiddleSchool,G-07,A,Biology,F,one,76,81,80,86,No,Good,Under-7,H,403
M,Jordan,Jordan,MiddleSchool,G-07,A,Biology,S,one,65,89,64,82,No,Good,Under-7,H,404
F,Syria,Syria,MiddleSchool,G-07,A,Biology,F,both,96,95,70,70,Yes,Good,Under-7,H,405
F,Syria,Syria,MiddleSchool,G-07,A,Biology,S,both,80,91,87,72,Yes,Good,Under-7,H,406
M,Jordan,Jordan,MiddleSchool,G-07,A,Biology,F,both,2,9,10,1,No,Bad,Above-7,L,407
M,Jordan,Jordan,MiddleSchool,G-07,A,Biology,S,both,3,8,19,3,No,Bad,Above-7,L,408
M,Jordan,Jordan,MiddleSchool,G-07,B,Biology,F,one,50,79,10,31,No,Bad,Under-7,M,409
M,Jordan,Jordan,MiddleSchool,G-07,B,Biology,S,one,53,88,9,33,No,Bad,Under-7,M,410
F,Jordan,Jordan,MiddleSchool,G-07,B,Biology,F,both,70,89,12,21,No,Good,Under-7,H,411
F,Jordan,Jordan,MiddleSchool,G-07,B,Biology,S,both,59,90,19,43,No,Good,Under-7,H,412
M,Palestine,Jordan,MiddleSchool,G-07,B,Biology,F,one,78,80,66,51,Yes,Good,Under-7,M,413
M,Palestine,Jordan,MiddleSchool,G-07,B,Biology,S,one,79,72,79,83,Yes,Good,Under-7,M,414
F,Lybia,Lybia,MiddleSchool,G-07,B,Biology,F,both,10,9,2,1,No,Good,Above-7,L,415
F,Lybia,Lybia,MiddleSchool,G-07,B,Biology,S,both,9,7,9,3,No,Good,Above-7,L,416
M,Iraq,Iraq,MiddleSchool,G-07,B,Biology,F,one,98,90,86,71,Yes,Good,Under-7,H,417
M,Iraq,Iraq,MiddleSchool,G-07,B,Biology,S,one,89,92,89,83,Yes,Good,Under-7,H,418
M,Palestine,Jordan,MiddleSchool,G-07,B,Biology,F,one,88,90,76,81,Yes,Good,Under-7,H,419
M,Palestine,Jordan,MiddleSchool,G-07,B,Biology,S,one,99,96,89,84,Yes,Good,Under-7,H,420
F,Jordan,Jordan,MiddleSchool,G-08,A,Chemistry,F,both,82,89,22,31,Yes,Good,Under-7,H,421
F,Jordan,Jordan,MiddleSchool,G-08,A,Chemistry,S,both,84,92,29,43,Yes,Good,Under-7,H,422
F,Jordan,Jordan,MiddleSchool,G-08,A,Geology,F,both,70,69,46,45,Yes,Good,Above-7,M,423
F,Jordan,Jordan,MiddleSchool,G-08,A,Geology,S,both,74,62,49,43,Yes,Good,Above-7,M,424
F,Jordan,Jordan,MiddleSchool,G-08,A,Geology,F,both,90,79,76,79,Yes,Good,Under-7,H,425
F,Jordan,Jordan,MiddleSchool,G-08,A,Geology,S,both,84,77,79,68,Yes,Good,Under-7,H,426
M,Jordan,Jordan,MiddleSchool,G-08,A,Chemistry,F,both,80,80,62,11,Yes,Good,Above-7,M,427
M,Jordan,Jordan,MiddleSchool,G-08,A,Chemistry,S,both,81,82,69,13,Yes,Good,Above-7,M,428
M,Jordan,SaudiArabia,MiddleSchool,G-08,A,Chemistry,F,one,10,0,2,41,No,Bad,Above-7,L,429
M,Jordan,SaudiArabia,MiddleSchool,G-08,A,Chemistry,S,one,11,2,9,49,No,Bad,Above-7,L,430
M,Jordan,SaudiArabia,MiddleSchool,G-08,A,Geology,F,one,85,89,22,61,No,Bad,Under-7,H,431
M,Jordan,SaudiArabia,MiddleSchool,G-08,A,Geology,S,one,80,89,23,68,No,Bad,Under-7,H,432
M,Jordan,SaudiArabia,MiddleSchool,G-08,A,Geology,F,one,95,87,62,81,No,Bad,Under-7,M,433
M,Jordan,SaudiArabia,MiddleSchool,G-08,A,Geology,S,one,87,79,73,98,No,Bad,Under-7,M,434
M,Jordan,Jordan,MiddleSchool,G-08,A,Chemistry,F,both,85,87,72,10,Yes,Good,Above-7,M,435
M,Jordan,Jordan,MiddleSchool,G-08,A,Chemistry,S,both,79,88,79,20,Yes,Good,Above-7,M,436
M,Jordan,Jordan,MiddleSchool,G-08,A,Geology,F,both,80,81,71,30,Yes,Good,Under-7,M,437
M,Jordan,Jordan,MiddleSchool,G-08,A,Geology,S,both,70,83,70,23,Yes,Good,Under-7,M,438
M,Jordan,Jordan,MiddleSchool,G-08,A,Chemistry,F,both,80,82,76,19,Yes,Good,Under-7,M,439
M,Jordan,Jordan,MiddleSchool,G-08,A,Chemistry,S,both,70,82,75,29,Yes,Good,Under-7,M,440
M,Jordan,Jordan,MiddleSchool,G-08,A,Geology,F,both,89,87,86,15,Yes,Good,Under-7,M,441
M,Jordan,Jordan,MiddleSchool,G-08,A,Geology,S,both,90,86,85,10,Yes,Good,Under-7,M,442
M,Jordan,Jordan,MiddleSchool,G-08,A,History,F,both,69,77,76,75,Yes,Good,Above-7,M,443
M,Jordan,Jordan,MiddleSchool,G-08,A,History,S,both,70,76,65,70,Yes,Good,Above-7,M,444
M,Jordan,Jordan,MiddleSchool,G-08,A,Chemistry,F,one,75,72,64,39,Yes,Good,Under-7,L,445
M,Jordan,Jordan,MiddleSchool,G-08,A,Chemistry,S,one,72,76,66,40,Yes,Good,Above-7,L,446
M,Jordan,Jordan,MiddleSchool,G-08,A,Geology,F,both,77,82,74,79,Yes,Good,Under-7,M,447
M,Jordan,Jordan,MiddleSchool,G-08,A,Geology,S,both,71,84,67,80,Yes,Good,Under-7,M,448
M,Jordan,Jordan,MiddleSchool,G-08,A,History,F,both,87,92,74,89,Yes,Good,Under-7,H,449
M,Jordan,Jordan,MiddleSchool,G-08,A,History,S,both,81,84,77,85,Yes,Good,Under-7,H,450
F,Jordan,Jordan,MiddleSchool,G-08,A,Chemistry,F,one,15,97,22,10,Yes,Good,Under-7,H,451
F,Jordan,Jordan,MiddleSchool,G-08,A,Chemistry,S,one,19,98,20,2,Yes,Good,Under-7,H,452
F,Jordan,Jordan,MiddleSchool,G-08,A,Geology,F,one,25,82,52,20,Yes,Good,Above-7,M,453
F,Jordan,Jordan,MiddleSchool,G-08,A,Geology,S,one,29,78,40,12,Yes,Good,Above-7,M,454
F,Jordan,Jordan,MiddleSchool,G-08,A,History,F,one,45,87,57,80,Yes,Good,Under-7,M,455
F,Jordan,Jordan,MiddleSchool,G-08,A,History,S,one,39,88,43,72,Yes,Good,Under-7,M,456
F,Jordan,Jordan,MiddleSchool,G-08,A,Chemistry,F,one,85,90,52,30,Yes,Good,Under-7,H,457
F,Jordan,Jordan,MiddleSchool,G-08,A,Chemistry,S,one,79,91,49,22,Yes,Good,Under-7,H,458
M,Iraq,Iraq,MiddleSchool,G-08,A,Chemistry,F,one,90,91,80,81,Yes,Good,Under-7,H,459
M,Iraq,Iraq,MiddleSchool,G-08,A,Chemistry,S,one,80,90,80,83,Yes,Good,Under-7,H,460
M,Iraq,Iraq,MiddleSchool,G-08,A,Geology,F,one,80,83,82,71,Yes,Good,Above-7,M,461
M,Iraq,Iraq,MiddleSchool,G-08,A,Geology,S,one,71,81,83,72,Yes,Good,Above-7,M,462
M,Iraq,Iraq,MiddleSchool,G-08,A,History,F,one,72,87,72,89,Yes,Good,Above-7,M,463
M,Iraq,Iraq,MiddleSchool,G-08,A,History,S,one,69,77,83,92,Yes,Good,Above-7,M,464
F,Jordan,Jordan,MiddleSchool,G-08,A,Chemistry,F,both,85,99,42,90,Yes,Good,Under-7,H,465
F,Jordan,Jordan,MiddleSchool,G-08,A,Chemistry,S,both,89,96,45,92,Yes,Good,Under-7,H,466
F,Jordan,Jordan,MiddleSchool,G-08,A,Geology,F,both,80,82,64,58,Yes,Good,Under-7,H,467
F,Jordan,Jordan,MiddleSchool,G-08,A,Geology,S,both,87,93,63,60,Yes,Good,Under-7,H,468
F,Jordan,Jordan,MiddleSchool,G-08,A,Chemistry,F,one,15,9,14,80,No,Bad,Above-7,L,469
F,Jordan,Jordan,MiddleSchool,G-08,A,Chemistry,S,one,9,6,15,85,No,Bad,Above-7,L,470
M,Palestine,Jordan,MiddleSchool,G-08,A,History,F,one,81,86,86,41,Yes,Good,Under-7,M,471
M,Palestine,Jordan,MiddleSchool,G-08,A,History,S,one,78,82,78,53,Yes,Good,Under-7,M,472
M,Palestine,Palestine,MiddleSchool,G-08,A,Geology,F,one,80,87,74,68,Yes,Good,Under-7,M,473
M,Palestine,Palestine,MiddleSchool,G-08,A,Geology,S,one,85,88,79,70,Yes,Good,Under-7,M,474
F,Jordan,Jordan,MiddleSchool,G-08,A,Chemistry,F,one,2,7,4,8,No,Bad,Above-7,L,475
F,Jordan,Jordan,MiddleSchool,G-08,A,Chemistry,S,one,5,4,5,8,No,Bad,Above-7,L,476
F,Jordan,Jordan,MiddleSchool,G-08,A,Geology,F,one,50,77,14,28,No,Bad,Under-7,M,477
F,Jordan,Jordan,MiddleSchool,G-08,A,Geology,S,one,55,74,25,29,No,Bad,Under-7,M,478
F,Jordan,Jordan,MiddleSchool,G-08,A,History,F,one,30,17,14,57,No,Bad,Above-7,L,479
F,Jordan,Jordan,MiddleSchool,G-08,A,History,S,one,35,14,23,62,No,Bad,Above-7,L,480
